ts	phase	decision	why	evidence	result
2026-09-10T22:43:44Z	frame	keep WSS+imsg rpc; do not migrate from BlueBubbles or replace the data plane with SSH	this repo already wraps steipete imsg rpc over mTLS WSS; imsg has watch.subscribe not webhooks; SSH is setup-only and would lose FDA/allowlist	docs/decisions/001-wss-multiplexed-rpc.md proto/v1.md docs/PLAN.md	framed
2026-09-10T22:43:44Z	frame	architect skipped	transport is ADR 001; overflow resume is specified by imsg watch/rpc docs; a second arena would be extra design over a settled shape	docs/decisions/001-wss-multiplexed-rpc.md https://github.com/openclaw/imsg/blob/main/docs/watch.md	skipped
2026-09-10T22:50:06Z	harness	workspace cargo test on the working tree was red on slow_response_does_not_hold_the_stdin_lock	the concurrency test raced Python startup and used a 150ms budget	bridge/src/imsg_rpc.rs slow_response_does_not_hold_the_stdin_lock	NOT VERIFIED until warmup
2026-09-10T22:50:06Z	overflow	map native watch.overflow to Gap watch_overflow and clear watch_subscription so ensure_watch resubscribes	imsg docs say overflow is terminal; dropping it left the live tail dead; Linux already catch-up on watch.gap	bridge/src/imsg_rpc.rs watch_overflow_invalidates_the_subscription_and_signals_a_gap	VERIFIED cargo test -p imsg-bridge --lib imsg_rpc::
2026-09-10T22:50:06Z	init	make rustls install ignore a second provider and init tracing once in the unified CLI	imsg bridge serve called install_default twice and tracing init twice and would panic	bridge/src/lib.rs install_crypto_provider_can_run_twice cli/src/main.rs cli/src/bridge_cmd.rs	VERIFIED unit test plus imsg --json info
2026-09-10T22:50:06Z	send	classify unix link_down upstream and transport as unconfirmed	Store looked for upstream_error while UplinkError::code emitted upstream and error	plugin/js/Store.js scripts/test-plugin-realtime.mjs sync/src/uplink.rs	VERIFIED node scripts/test-plugin-realtime.mjs
2026-09-10T22:50:06Z	verify	cargo test --workspace green and plugin reducer tests green	required by the Phase A predicate	cargo test --workspace; node scripts/test-plugin-realtime.mjs	VERIFIED units INCONCLUSIVE live Omarchy QML
2026-09-10T22:52:43Z	harness	warmup the fake imsg child before the slow vs fast RPC race	Python startup ate the 150ms budget so the test did not prove stdin locking	bridge/src/imsg_rpc.rs slow_response_does_not_hold_the_stdin_lock cargo test --workspace	VERIFIED
2026-09-10T22:52:43Z	init	imsg bridge status through unified CLI did not panic	that path used to init tracing twice inside bridge_cmd after main	cargo run -p imsg-cli -- bridge status	VERIFIED
2026-09-10T22:52:43Z	overflow	do not forward resume_after_rowid; catch up from Linux watch_rowid	watch_rowid is the last delivered row so messages.after starts at or before the overflow cursor and may replay	sync/src/client.rs recover_and_publish	open for a live steipete overflow
